роЗро▓роХрпНроХроорпН,рокрпЖропро░рпН,роЕро▒ро┐роорпБроХ ро╡ро░рпБроЯроорпН,роЕро▒ро┐роорпБроХ рокроЯроорпН,рокро┐ро▒роирпНрод родро┐роХродро┐,рокро┐ро▒роирпНрод ро╡ро░рпБроЯроорпН,роЪрпБро░рпБроХрпНроХроорпН
1,роЕроЮрпНроЪро▓ро┐родрпЗро╡ро┐,-,-,1927-08-24,"рокрпЖродрпНродро╛рокрпБро░роорпН, роХро┐ро┤роХрпНроХрпБ роХрпЛродро╛ро╡ро░ро┐ рооро╛ро╡роЯрпНроЯроорпН, роЪрпЖройрпНройрпИ рооро╛роХро╛рогроорпН",
2,роЯро┐. роЖро░рпН. ро░ро╛роЬроХрпБрооро╛ро░ро┐,1939,роХрпБрооро╛ро░ роХрпБро▓рпЛродрпНродрпБроЩрпНроХройрпН,1922-05-05,"родроЮрпНроЪро╛ро╡рпВро░рпН, роЪрпЖройрпНройрпИ рооро╛роХро╛рогроорпН, рокро┐ро░ро┐родрпНродро╛ройро┐роп роЗроирпНродро┐ропро╛",
3,рокродрпНрооро┐ройро┐,-,-,1932-06-12,"родро┐ро░рпБро╡ройроирпНродрокрпБро░роорпН, родро┐ро░рпБро╡ро┐родро╛роЩрпНроХрпВро░рпН",
4,роЕроорпНрокро┐роХро╛,-,-,1962-11-16,"роХро▓рпНро▓ро╛ро░ро╛, родро┐ро░рпБро╡ройроирпНродрокрпБро░роорпН, роХрпЗро░ро│роорпН, роЗроирпНродро┐ропро╛",
5,роЕрооро▓ро╛,-,-,1968-09-12,,
6,роХрпЗ. рокро┐. роЪрпБроирпНродро░ро╛роорпНрокро╛ро│рпН,-,-,1908-10-11,"роХрпКроЯрпБроорпБроЯро┐, роИро░рпЛроЯрпБ рооро╛ро╡роЯрпНроЯроорпН, родрооро┐ро┤рпНроиро╛роЯрпБ, роЗроирпНродро┐ропро╛",
7,роХрогрпНрогро╛роорпНрокро╛,-,-,1911-10-05,"роХрпБроЯрпНроЯрокрпНрокро╛,роЖроирпНродро┐ро░рокрпН рокро┐ро░родрпЗроЪроорпН",
8,рокро╛ройрпБроородро┐,-,-,1925-09-07,"роЖроЩрпНроХрпЛро▓ро┐ро▒рпНроХрпБ роЕро░рпБроХро┐ро▓рпБро│рпНро│ родрпЛроЯро╡ро░роорпН, рокро┐ро░роХро╛роЪроорпН рооро╛ро╡роЯрпНроЯроорпН, роЖроирпНродро┐ро░рокрпН рокро┐ро░родрпЗроЪроорпН, роЗроирпНродро┐ропро╛",
9,роЪро╛ро╡ро┐родрпНродро┐ро░ро┐,-,-,1936-12-06,"роЪро┐ро░ро╡рпВро░рпН, роЪрпЖройрпНройрпИ рооро╛роХро╛рогроорпН, рокро┐ро░ро┐родрпНродро╛ройро┐роп роЗроирпНродро┐ропро╛ ",
10,роИ. ро╡ро┐. роЪро░рпЛроЬро╛,1989,роОройрпН родроЩрпНроХрпИ,-,-,
11,роЪро░рпЛроЬро╛родрпЗро╡ро┐,-,-,1938-01-07,"роХро░рпНроиро╛роЯроХро╛, роЗроирпНродро┐ропро╛",
12,родрпЗро╡ро┐роХро╛,-,-,1943-04-25,роЪрпЖройрпНройрпИ,
13,ро░ро╛роЬроЪрпБро▓рпЛроЪройро╛,-,-,1935-08-15,"ро╡ро┐роЪропро╡ро╛роЯро╛, роЪрпЖройрпНройрпИ рооро╛роХро╛рогроорпН",
14,роЬро┐. ро╡ро░ро▓роЯрпНроЪрпБрооро┐,-,-,1926-09-27,"роУроЩрпНроХрпЛро▓рпН, роЖроирпНродро┐ро░рокрпН рокро┐ро░родрпЗроЪроорпН, роЗроирпНродро┐ропро╛",
15,роЬрпЖропро▓ро▓ро┐родро╛,1965,ро╡рпЖрогрпНрогро┐ро▒ роЖроЯрпИ,1948-02-24,"роорпЗро▓рпНроХрпЛроЯрпНроЯрпИ, роорпИроЪрпВро░рпН, роЗроирпНродро┐ропро╛",
16,роиро┐ро░рпНрооро▓ро╛,1965,ро╡рпЖрогрпНрогро┐ро▒ роЖроЯрпИ,1948-06-28,"роХрпБроорпНрокроХрпЛрогроорпН, родроЮрпНроЪро╛ро╡рпВро░рпН рооро╛ро╡роЯрпНроЯроорпН,роЪрпЖройрпНройрпИ рооро╛роХро╛рогроорпН",
17,ро▓родро╛,-,-,1953-06-07,"родрооро┐ро┤рпНроиро╛роЯрпБ, роЗроирпНродро┐ропро╛",
18,ро░рпЗро╡родро┐,1983,роорогрпНро╡ро╛роЪройрпИ,1966-07-08,"роХрпКроЪрпНроЪро┐, роХрпЗро░ро│ро╛, роЗроирпНродро┐ропро╛",
19,ро░ро╛родро┐роХро╛,1978,роХро┐ро┤роХрпНроХрпЗ рокрпЛроХрпБроорпН роЗро░ропро┐ро▓рпН,1963-08-21,"роХрпКро┤рпБроорпНрокрпБ, роЗро▓роЩрпНроХрпИЁЯЗ▒ЁЯЗ░",
20,роЪро░ро┐родро╛,-,-,1960-06-07,"роХрпБрогрпНроЯроХро▓рпН роЖроирпНродро┐ро░ рокро┐ро░родрпЗроЪроорпН, роЗроирпНродро┐ропро╛",
21,ро╕рпНро░рпАро╡ро┐родрпНропро╛,-,-,-,"роЪрпЖройрпНройрпИ, родрооро┐ро┤рпНроиро╛роЯрпБ, роЗроирпНродро┐ропро╛",
22,роЪрпБроЬро╛родро╛,-,-,1952-12-10,роЗро▓роЩрпНроХрпИ,
23,ро╕рпНро░рпАрокро┐ро░ро┐ропро╛,-,-,1956-03-05,"роЪрпЖройрпНройрпИ, родрооро┐ро┤рпНроиро╛роЯрпБ, роЗроирпНродро┐ропро╛",
24,ро╕рпНро░рпАродрпЗро╡ро┐,-,-,1963-08-13,"роорпАройроорпНрокроЯрпНроЯро┐,[1] роЪро┐ро╡роХро╛роЪро┐, родрооро┐ро┤рпНроиро╛роЯрпБ, роЗроирпНродро┐ропро╛",
25,роЪрпБроХройрпНропро╛,1991,рокрпБродрпБ роирпЖро▓рпНро▓рпБ рокрпБродрпБ роиро╛родрпНродрпБ,1969-07-09,"роЪрпЖройрпНройрпИ, родрооро┐ро┤рпНроиро╛роЯрпБ, роЗроирпНродро┐ропро╛",
26,ро╡ро╛рогро┐ро╕рпНро░рпА,-,-,1948-08-03,"роирпЖро▓рпНро▓рпВро░рпН, роЪрпЖройрпНройрпИ рооро╛роХро╛рогроорпН, роЗроирпНродро┐ропро╛",
27,роХро╛роЮрпНроЪройро╛,-,-,-,-,
28,роЪрпАродро╛,-,-,1968-07-13,"роЪрпЖройрпНройрпИ, родрооро┐ро┤рпНроиро╛роЯрпБ",
29,роиро│ро┐ройро┐,-,-,-,"роЪрпЖройрпНройрпИ, родрооро┐ро┤рпН роиро╛роЯрпБ",
30,роЪрпБроХро╛роЪро┐ройро┐,-,роирпЖроЮрпНроЪродрпНродрпИроХрпН роХро┐ро│рпНро│ро╛родрпЗ,1961-08-15,"рокро░роороХрпНроХрпБроЯро┐, родрооро┐ро┤рпНроиро╛роЯрпБ, роЗроирпНродро┐ропро╛",
31,ро░ро╛родро╛,1981,роЕро▓рпИроХро│рпН роУропрпНро╡родро┐ро▓рпНро▓рпИ,1966-06-03,"родро┐ро░рпБро╡ройроирпНродрокрпБро░роорпН, роХрпЗро░ро│ро╛, роЗроирпНродро┐ропро╛",
32,ро╖рпЛрокройро╛,-,-,1970-03-21,"роХрпЗро░ро│ро╛, роЗроирпНродро┐ропро╛",
33,ро╖рпЛрокро╛,-,-,1962-09-23,"роЪрпЖрокрпНроЯроорпНрокро░рпН 23, 1962(1962-09-23)",
34,ро░роорпНрокро╛,1993,роЙро┤ро╡ройрпН,1974-06-05,"ро╡ро┐роЪропро╡ро╛роЯро╛, роЖроирпНродро┐ро░рокрпН рокро┐ро░родрпЗроЪроорпН, роЗроирпНродро┐ропро╛",
35,роЪрпБро╡ро▓роЯрпНроЪрпБрооро┐,-,роЖроЪрпИ,1977-08-19,роХрпКро▓рпНроХродрпНродро╛,
36,роЬрпЛродро┐роХро╛,1999,ро╡ро╛ро▓ро┐,1978-10-18,"роорпБроорпНрокрпИ, роЗроирпНродро┐ропро╛",
37,роироХрпНрооро╛,1994,роХро╛родро▓ройрпН,1974-12-25,"роорпБроорпНрокрпИ, роЗроирпНродро┐ропро╛",
38,роЪро┐роорпНро░ройрпН,1997,роТройрпНро╕рпНроорпЛро░рпН,1976-04-04,"роорпБроорпНрокрпИ, роороХро╛ро░ро╛ро╖рпНроЯро┐ро░ро╛, роЗроирпНродро┐ропро╛",
39,рооро╛ро│ро╡ро┐роХро╛,1999,роЙройрпНройрпИродрпН родрпЗроЯро┐,1979-07-19,"рокрпЖроЩрпНроХро│рпВро░рпН, роЗроирпНродро┐ропро╛",
40,роЪроЩрпНроХрпАродро╛,-,-,-,-,
41,ро╖ро╛ро▓ро┐ройро┐,1997,роХро╛родро▓рпБроХрпНроХрпБ рооро░ро┐ропро╛родрпИ,1979-11-20,"родро┐ро░рпБро╡ро▓рпНро▓ро╛, роХрпЗро░ро│ро╛, роЗроирпНродро┐ропро╛",
42,ро▓рпИро▓ро╛,1999,роХро│рпНро│ро┤роХро░рпН,1980-10-24,"роХрпЛро╡ро╛, роЗроирпНродро┐ропро╛",
43,ро╕рпНройрпЗроХро╛,2002,ро╡ро┐ро░рпБроорпНрокрпБроХро┐ро▒рпЗройрпН,1981-10-12,"роорпБроорпНрокрпИ, роЗроирпНродро┐ропро╛[1]",
44,рокрпВроЬро╛,2003,роЬрпЗ роЬрпЗ,1981-06-25,роХрпКро┤рпБроорпНрокрпБ роЗро▓роЩрпНроХрпИ,
45,роХрпМродрооро┐,1988,роХрпБро░рпБ роЪро┐ро╖рпНропройрпН,1965-07-02,"ро╕рпНро░рпАроХро╛роХрпБро│роорпН,роЪро┐ро▒рпАроХро╛роХрпБро│роорпН рооро╛ро╡роЯрпНроЯроорпН, роЖроирпНродро┐ро░рокрпН рокро┐ро░родрпЗроЪроорпН, роЗроирпНродро┐ропро╛",
46,ро░роорпНропро╛ роХро┐ро░рпБро╖рпНрогройрпН,-,-,1970-09-15,"роЪрпЖройрпНройрпИ,",
47,родро┐ро░ро┐ро╖ро╛,2002,ро▓рпЗроЪро╛ ро▓рпЗроЪро╛,1983-05-04,"роЪрпЖройрпНройрпИ ,  родрооро┐ро┤рпН роиро╛роЯрпБ",
48,ро░рпАрооро╛ роЪрпЖройрпН,2001,рооро┐ройрпНройро▓рпЗ,1981-10-29," роХрпКро▓рпНроХродрпНродро╛, роЗроирпНродро┐ропро╛",
49,ро╡ро┐родрпНропро╛ рокро╛ро▓ройрпН,-,-,1978-01-01,"рокро╛ро▓роХрпНроХро╛роЯрпБ, роХрпЗро░ро│ро╛, роЗроирпНродро┐ропро╛",
50,рокро╛ройрпБрокрпНрокро┐ро░ро┐ропро╛,-,-,1966-01-15,"роЖроирпНродро┐ро░рокрпН рокро┐ро░родрпЗроЪроорпН, роЗроирпНродро┐ропро╛",
51,роироирпНродро┐родро╛ родро╛ро╕рпН,-,-,1969-11-07,"рокрпБродрпБроЯро┐ро▓рпНро▓ро┐, роЗроирпНродро┐ропро╛",
52,ро╡роЪрпБроирпНродро░ро╛ родро╛ро╕рпН,1999,ро╣рпЗро░ро╛роорпН,-,"рокрпЖроЩрпНроХро│рпВро░рпН, роЗроирпНродро┐ропро╛",
53,роХройроХро╛,-,-,1973-07-14,"роЪрпЖройрпНройрпИ, родрооро┐ро┤рпНроиро╛роЯрпБ, роЗроирпНродро┐ропро╛",
54,роХройро┐роХро╛,2002,ро╕рпНроЯро╛ро░рпН,1982-07-03,"роородрпБро░рпИ, родрооро┐ро┤рпН роиро╛роЯрпБ, роЗроирпНродро┐ропро╛",
55,роЪро┐ро▓рпНроХрпН ро╕рпНрооро┐родро╛,-,-,1960-12-02,"роПро▓рпВро░рпБ, роЖроирпНродро┐ро░рокрпНрокро┐ро░родрпЗроЪроорпН, роЗроирпНродро┐ропро╛",
56,роирооро┐родро╛,2004,роОроЩрпНроХро│рпН роЕрогрпНрогро╛,1981-05-10,,
57,роХрпМроЪро▓рпНропро╛,-,-,-,-,
58,роЪрпЛройро┐ропро╛ роЕроХро░рпНро╡ро╛ро▓рпН,2003,роХро╛родро▓рпН роХрпКрогрпНроЯрпЗройрпН,1982-03-28,рокроЮрпНроЪро╛рокрпН роЗроирпНродро┐ропро╛,
59,роорпАройро╛,-,-,1976-09-16,"роЪрпЖройрпНройрпИ, родрооро┐ро┤рпНроиро╛роЯрпБ, роЗроирпНродро┐ропро╛",
60,роорпАро░ро╛ роЬро╛ро╕рпНрооро┐ройрпН,2002,ро░ройрпН,1982-02-15,"роХрпЛро┤ро┐роХрпНроХрпЛроЯрпБ,роХрпЗро░ро│ро╛, ┬ароЗроирпНродро┐ропро╛",
61,рооройрпЛро░рооро╛,-,-,1937-05-26,"рооройрпНройро╛ро░рпНроХрпБроЯро┐, родрооро┐ро┤рпНроиро╛роЯрпБ[1]",
62,ро░ро╛родро╛,-,-,-,-,
63,роХрпЛрокро┐роХро╛,2004,роЖроЯрпНроЯрпЛроХро┐ро░ро╛роГрокрпН,1985-02-01,"роТро▓рпНро▓рпВро░рпН, родро┐ро░рпБроЪрпНроЪрпВро░рпН, роХрпЗро░ро│роорпН",
64,роЕроЪро┐ройрпН,2004,роОроорпН. роХрпБрооро░ройрпН роЪройрпН роЖроГро╡рпН рооро╣ро╛ро▓ро╖рпНрооро┐,1985-10-26,"роХрпКроЪрпНроЪро┐, роХрпЗро░ро│роорпН, роЗроирпНродро┐ропро╛",
65,рокродрпНроорокро┐ро░ро┐ропро╛,2005,родро╡рооро╛ропрпН родро╡рооро┐ро░рпБроирпНродрпБ,1980-02-28,"родро┐ро▓рпНро▓ро┐, роЗроирпНродро┐ропро╛",
66,ро╖рпНро░рпЗропро╛ ро░рпЖроЯрпНроЯро┐,2006,ро╡рпЖропро┐ро▓рпН,1983-04-03,"роРродро░ро╛рокро╛родрпНродрпБ, роЖроирпНродро┐ро░рокрпН рокро┐ро░родрпЗроЪроорпН, роЗроирпНродро┐ропро╛",
67,ро╖рпНро░рпЗропро╛,2003,роОройроХрпНроХрпБ 20 роЙройроХрпНроХрпБ 18,1982-09-11,"родрпЗро░ро╛родрпВройрпН,роЗроирпНродро┐ропро╛",
68,роЪродро╛,2003,роЬрпЖропроорпН,1984-02-17,"роЗро░родрпНродро┐ройроХро┐ро░ро┐, роороХро╛ро░ро╛ро╖рпНроЯро┐ро░роорпН, роЗроирпНродро┐ропро╛",
69,роиро╡рпНропро╛ роиро╛ропро░рпН,2004,роЕро┤роХро┐роп родрпАропрпЗ,1985-10-14,"роХрпЗро░ро│ро╛, роЗроирпНродро┐ропро╛",
70,ро╡ро┐рооро▓ро╛ ро░ро╛рооройрпН,2006,рокрпКропрпН,1984-01-23,"роЪро┐роЯрпНройро┐, роЖро╕рпНродро┐ро░рпЗро▓ро┐ропро╛",
71,рокро╛ро╡ройро╛,2006,роЪро┐родрпНродро┐ро░роорпН рокрпЗроЪрпБродроЯро┐,1986-06-06,"родро┐ро░рпБроЪрпНроЪрпВро░рпН, роХрпЗро░ро│ро╛ ┬ароЗроирпНродро┐ропро╛",
72,роиропройрпНродро╛ро░ро╛,2005,роРропро╛,1984-11-18,"рокрпЖроЩрпНроХро│рпВро░рпН, роХро░рпБроиро╛роЯроХроорпН, роЗроирпНродро┐ропро╛[4][5]",
73,роЬрпЖройро┐ро▓ро┐ропро╛,2003,рокро╛ропрпНро╕рпН,1987-08-05,"роорпБроорпНрокрпИ, роЗроирпНродро┐ропро╛",
74,роЪроирпНродро┐ропро╛,2004,роХро╛родро▓рпН,1988-09-27,"роХрпЗро░ро│роорпН,",
75,роЕройрпБро╖рпНроХро╛ роЪрпЖроЯрпНроЯро┐,2006,ро░рпЖрогрпНроЯрпБ,1981-11-07,"роороЩрпНроХро│рпВро░рпН,роХро░рпНроиро╛роЯроХро╛ роЗроирпНродро┐ропро╛",
76,ро╡рпЗродро┐роХро╛ роХрпБрооро╛ро░рпН,2005,роородро░ро╛роЪро┐,-,-,
77,ро╡ро┐. роОройрпН. роЬро╛ройроХро┐,-,-,1924-09-23,"ро╡рпИроХрпНроХроорпН, роХрпЗро░ро│ро╛ роЗроирпНродро┐ропро╛",
78,роЪрпМроирпНродро░рпНропро╛,-,рокрпКройрпНройрпБроорогро┐,1972-07-18,"роХрпЛро▓ро╛ро░рпН, роХро░рпБроиро╛роЯроХроорпН, роЗроирпНродро┐ропро╛",
79,ро░ро┐роЪрпНроЪро╛ рокро▓рпЛроЯрпН,2001,роЪро╛роЬро╛роХро╛ройрпН,1980-08-30,"роорпБроорпНрокрпИ, роЗроирпНродро┐ропро╛",
80,ро░рпЗрогрпБроХро╛ роорпЗройройрпН,2005,родро╛ро╕рпН,-,роХрпЗро░ро│роорпН,
